[{"model": "contenttypes.contenttype", "pk": 1, "fields": {"app_label": "admin", "model": "logentry"}}, {"model": "contenttypes.contenttype", "pk": 2, "fields": {"app_label": "auth", "model": "group"}}, {"model": "contenttypes.contenttype", "pk": 3, "fields": {"app_label": "auth", "model": "permission"}}, {"model": "contenttypes.contenttype", "pk": 4, "fields": {"app_label": "auth", "model": "user"}}, {"model": "contenttypes.contenttype", "pk": 5, "fields": {"app_label": "contenttypes", "model": "contenttype"}}, {"model": "contenttypes.contenttype", "pk": 6, "fields": {"app_label": "sessions", "model": "session"}}, {"model": "contenttypes.contenttype", "pk": 7, "fields": {"app_label": "usuarios", "model": "prioridadusuario"}}, {"model": "contenttypes.contenttype", "pk": 8, "fields": {"app_label": "usuarios", "model": "usuario"}}, {"model": "contenttypes.contenttype", "pk": 9, "fields": {"app_label": "configuraciones", "model": "registrousuario"}}, {"model": "contenttypes.contenttype", "pk": 10, "fields": {"app_label": "tipos_recursos", "model": "estados"}}, {"model": "contenttypes.contenttype", "pk": 11, "fields": {"app_label": "tipos_recursos", "model": "caracteristicasrecursos"}}, {"model": "contenttypes.contenttype", "pk": 12, "fields": {"app_label": "tipos_recursos", "model": "recurso"}}, {"model": "contenttypes.contenttype", "pk": 13, "fields": {"app_label": "tipos_recursos", "model": "tiporecurso"}}, {"model": "contenttypes.contenttype", "pk": 14, "fields": {"app_label": "tipos_recursos", "model": "encargado"}}, {"model": "contenttypes.contenttype", "pk": 15, "fields": {"app_label": "reclamos", "model": "reclamo"}}, {"model": "contenttypes.contenttype", "pk": 16, "fields": {"app_label": "mantenimiento", "model": "mantenimiento"}}, {"model": "contenttypes.contenttype", "pk": 17, "fields": {"app_label": "reservas", "model": "reservas"}}, {"model": "contenttypes.contenttype", "pk": 18, "fields": {"app_label": "reservas", "model": "solicitudreservas"}}, {"model": "sessions.session", "pk": "8psp7raec826b1b57s9bd8c2mu78uqhq", "fields": {"session_data": "YWVmZjc5ZGFkNTU2NmM3YmFjZWUzN2JlMDMwMTQzNmE0MWNmMGRmYTp7Il9hdXRoX3VzZXJfaWQiOiI1IiwiX2F1dGhfdXNlcl9oYXNoIjoiYjdkZWFjODQ1ZWY4NzJhZWY2YTA5MjlmZDE4MTVkNzg3MmU4MDY5OCIsIl9hdXRoX3VzZXJfYmFja2VuZCI6ImRqYW5nby5jb250cmliLmF1dGguYmFja2VuZHMuTW9kZWxCYWNrZW5kIn0=", "expire_date": "2017-07-14T01:31:34.863Z"}}, {"model": "sessions.session", "pk": "gd1s8h10kenqi8swnohvh7wzuavcggw8", "fields": {"session_data": "ODgxMDU5ZGIzNmM5NTRiMGViMTU0MzkwMzZiMTg4YWUyZTEyMTMxYTp7Il9hdXRoX3VzZXJfaWQiOiIxIiwiX2F1dGhfdXNlcl9oYXNoIjoiZDg0MWQ1MjZmNWNmMjQ5MDhiZGRiY2E4MmQ1NzkzZGM5YWVmOWExMSIsIl9hdXRoX3VzZXJfYmFja2VuZCI6ImRqYW5nby5jb250cmliLmF1dGguYmFja2VuZHMuTW9kZWxCYWNrZW5kIn0=", "expire_date": "2017-07-08T03:58:48.818Z"}}, {"model": "usuarios.prioridadusuario", "pk": 1, "fields": {"codigo": "ADMIN_RECURSOS", "descripcion": "ADMINISTRADOR DE RECURSOS", "prioridad": 8}}, {"model": "usuarios.prioridadusuario", "pk": 2, "fields": {"codigo": "TIT", "descripcion": "TITULAR DE ENSE\u00d1ANZA", "prioridad": 7}}, {"model": "usuarios.prioridadusuario", "pk": 3, "fields": {"codigo": "AUX", "descripcion": "AUXILIAR", "prioridad": 6}}, {"model": "usuarios.prioridadusuario", "pk": 4, "fields": {"codigo": "ALU", "descripcion": "ALUMNO", "prioridad": 2}}, {"model": "usuarios.prioridadusuario", "pk": 5, "fields": {"codigo": "DOCENTE", "descripcion": "PROFESOR DOCENTE", "prioridad": 5}}, {"model": "usuarios.prioridadusuario", "pk": 6, "fields": {"codigo": "LAB", "descripcion": "ENCARGADO DE LABORATORIO DE INFORMATICA", "prioridad": 3}}, {"model": "usuarios.prioridadusuario", "pk": 7, "fields": {"codigo": "FISICA", "descripcion": "ENCARGADO DE LABORATORIO DE FISICA", "prioridad": 4}}, {"model": "usuarios.prioridadusuario", "pk": 8, "fields": {"codigo": "ADMIN", "descripcion": "ADMINISTRADOR DE USUARIOS", "prioridad": 1}}, {"model": "usuarios.prioridadusuario", "pk": 9, "fields": {"codigo": "ERTYC", "descripcion": "ERTYC", "prioridad": 9}}, {"model": "usuarios.prioridadusuario", "pk": 10, "fields": {"codigo": "ETYC", "descripcion": "ETYC", "prioridad": 10}}, {"model": "configuraciones.registrousuario", "pk": 1, "fields": {"asunto": "REGISTRO DE USUARIO", "mensaje": "Usted ha sido registrado en Sistema Gerenciador de Reservas. Puede ingresar a http://localhost:80"}}, {"model": "tipos_recursos.tiporecurso", "pk": "AULA", "fields": {"descripcion": "AULA", "lista_caracteristicas": "{\"clave\":\"Cantidad de aires\", \"valor\":\"integer\"},\r\n{\"clave\":\"Cantidad de sillas\", \"valor\":\"integer\"}", "estado": "A"}}, {"model": "tipos_recursos.tiporecurso", "pk": "EST", "fields": {"descripcion": "ESTACIONAMIENTO", "lista_caracteristicas": "{\"clave\":\"Bloque\", \"valor\":\"string\"},\r\n{\"clave\":\"Cantidad de lugares\", \"valor\":\"integer\"}", "estado": "A"}}, {"model": "tipos_recursos.tiporecurso", "pk": "LAB", "fields": {"descripcion": "LABORATORIO DE INFORMATICA", "lista_caracteristicas": "{\"clave\":\"Cantidad de maquinas\", \"valor\":\"integer\"},\r\n{\"clave\":\"Nombre del laboratorio\", \"valor\":\"string\"}", "estado": "A"}}, {"model": "tipos_recursos.tiporecurso", "pk": "NOT", "fields": {"descripcion": "NOTEBOOK", "lista_caracteristicas": "{\"clave\":\"Marca\", \"valor\":\"string\"},\r\n{\"clave\":\"Peso\", \"valor\":\"integer\"}", "estado": "A"}}, {"model": "tipos_recursos.tiporecurso", "pk": "PROY", "fields": {"descripcion": "PROYECTOR", "lista_caracteristicas": "{\"clave\":\"Marca\", \"valor\":\"string\"},\r\n{\"clave\":\"Cantidad de lumenes\", \"valor\":\"integer\"}", "estado": "A"}}, {"model": "tipos_recursos.estados", "pk": "DIS", "fields": {"descripcion": "DISPONIBLE"}}, {"model": "tipos_recursos.estados", "pk": "FUS", "fields": {"descripcion": "FUERA DE USO"}}, {"model": "tipos_recursos.estados", "pk": "MAN", "fields": {"descripcion": "EN MANTENIMIENTO"}}, {"model": "tipos_recursos.estados", "pk": "NDE", "fields": {"descripcion": "NO DEVUELTO"}}, {"model": "tipos_recursos.estados", "pk": "RES", "fields": {"descripcion": "RESERVADO"}}, {"model": "tipos_recursos.estados", "pk": "USO", "fields": {"descripcion": "EN USO"}}, {"model": "tipos_recursos.recurso", "pk": "A50", "fields": {"nombre_recurso": "AULA DEL BLOQUE A", "tipo_recurso": "AULA", "estado": "DIS", "activo": "A", "mantenimiento_programado": "2017-06-29"}}, {"model": "tipos_recursos.recurso", "pk": "A51", "fields": {"nombre_recurso": "AULA DEL BLOQUE A", "tipo_recurso": "AULA", "estado": "DIS", "activo": "A", "mantenimiento_programado": "2017-06-29"}}, {"model": "tipos_recursos.recurso", "pk": "A52", "fields": {"nombre_recurso": "AULA DEL BLOQUE A", "tipo_recurso": "AULA", "estado": "DIS", "activo": "A", "mantenimiento_programado": "2017-06-29"}}, {"model": "tipos_recursos.recurso", "pk": "E1", "fields": {"nombre_recurso": "ESTACIONAMIENTO", "tipo_recurso": "EST", "estado": "DIS", "activo": "A", "mantenimiento_programado": "2017-06-29"}}, {"model": "tipos_recursos.recurso", "pk": "E2", "fields": {"nombre_recurso": "ESTACIONAMIENTO", "tipo_recurso": "EST", "estado": "DIS", "activo": "A", "mantenimiento_programado": "2017-06-29"}}, {"model": "tipos_recursos.recurso", "pk": "LAB1", "fields": {"nombre_recurso": "LABORATORIO", "tipo_recurso": "LAB", "estado": "DIS", "activo": "A", "mantenimiento_programado": "2017-06-29"}}, {"model": "tipos_recursos.recurso", "pk": "LAB2", "fields": {"nombre_recurso": "LABORATORIO", "tipo_recurso": "LAB", "estado": "DIS", "activo": "A", "mantenimiento_programado": "2017-06-29"}}, {"model": "tipos_recursos.recurso", "pk": "N01", "fields": {"nombre_recurso": "NOTEBOOK 01", "tipo_recurso": "NOT", "estado": "DIS", "activo": "A", "mantenimiento_programado": "2017-06-29"}}, {"model": "tipos_recursos.recurso", "pk": "N02", "fields": {"nombre_recurso": "NOTEBOOK 02", "tipo_recurso": "NOT", "estado": "DIS", "activo": "A", "mantenimiento_programado": "2017-06-29"}}, {"model": "tipos_recursos.recurso", "pk": "N03", "fields": {"nombre_recurso": "NOTEBOOK 03", "tipo_recurso": "NOT", "estado": "DIS", "activo": "A", "mantenimiento_programado": "2017-06-29"}}, {"model": "auth.permission", "pk": 1, "fields": {"name": "Can add log entry", "content_type": 1, "codename": "add_logentry"}}, {"model": "auth.permission", "pk": 2, "fields": {"name": "Can change log entry", "content_type": 1, "codename": "change_logentry"}}, {"model": "auth.permission", "pk": 3, "fields": {"name": "Can delete log entry", "content_type": 1, "codename": "delete_logentry"}}, {"model": "auth.permission", "pk": 4, "fields": {"name": "Can add group", "content_type": 2, "codename": "add_group"}}, {"model": "auth.permission", "pk": 5, "fields": {"name": "Can change group", "content_type": 2, "codename": "change_group"}}, {"model": "auth.permission", "pk": 6, "fields": {"name": "Can delete group", "content_type": 2, "codename": "delete_group"}}, {"model": "auth.permission", "pk": 7, "fields": {"name": "Can add permission", "content_type": 3, "codename": "add_permission"}}, {"model": "auth.permission", "pk": 8, "fields": {"name": "Can change permission", "content_type": 3, "codename": "change_permission"}}, {"model": "auth.permission", "pk": 9, "fields": {"name": "Can delete permission", "content_type": 3, "codename": "delete_permission"}}, {"model": "auth.permission", "pk": 10, "fields": {"name": "Can add user", "content_type": 4, "codename": "add_user"}}, {"model": "auth.permission", "pk": 11, "fields": {"name": "Can change user", "content_type": 4, "codename": "change_user"}}, {"model": "auth.permission", "pk": 12, "fields": {"name": "Can delete user", "content_type": 4, "codename": "delete_user"}}, {"model": "auth.permission", "pk": 13, "fields": {"name": "Can add content type", "content_type": 5, "codename": "add_contenttype"}}, {"model": "auth.permission", "pk": 14, "fields": {"name": "Can change content type", "content_type": 5, "codename": "change_contenttype"}}, {"model": "auth.permission", "pk": 15, "fields": {"name": "Can delete content type", "content_type": 5, "codename": "delete_contenttype"}}, {"model": "auth.permission", "pk": 16, "fields": {"name": "Can add session", "content_type": 6, "codename": "add_session"}}, {"model": "auth.permission", "pk": 17, "fields": {"name": "Can change session", "content_type": 6, "codename": "change_session"}}, {"model": "auth.permission", "pk": 18, "fields": {"name": "Can delete session", "content_type": 6, "codename": "delete_session"}}, {"model": "auth.permission", "pk": 19, "fields": {"name": "Can add prioridad usuario", "content_type": 7, "codename": "add_prioridadusuario"}}, {"model": "auth.permission", "pk": 20, "fields": {"name": "Can change prioridad usuario", "content_type": 7, "codename": "change_prioridadusuario"}}, {"model": "auth.permission", "pk": 21, "fields": {"name": "Can delete prioridad usuario", "content_type": 7, "codename": "delete_prioridadusuario"}}, {"model": "auth.permission", "pk": 22, "fields": {"name": "Puede crear Prioridad", "content_type": 7, "codename": "per_crear_prioridad"}}, {"model": "auth.permission", "pk": 23, "fields": {"name": "Puede editar Piroridad", "content_type": 7, "codename": "per_editar_prioridad"}}, {"model": "auth.permission", "pk": 24, "fields": {"name": "Puede eliminar Prioridad", "content_type": 7, "codename": "per_eliminar_prioridad"}}, {"model": "auth.permission", "pk": 25, "fields": {"name": "Puede listar Prioridad", "content_type": 7, "codename": "per_listar_prioridad"}}, {"model": "auth.permission", "pk": 26, "fields": {"name": "Can add usuario", "content_type": 8, "codename": "add_usuario"}}, {"model": "auth.permission", "pk": 27, "fields": {"name": "Can change usuario", "content_type": 8, "codename": "change_usuario"}}, {"model": "auth.permission", "pk": 28, "fields": {"name": "Can delete usuario", "content_type": 8, "codename": "delete_usuario"}}, {"model": "auth.permission", "pk": 29, "fields": {"name": "Puede crear usuario", "content_type": 8, "codename": "per_crear_usuario"}}, {"model": "auth.permission", "pk": 30, "fields": {"name": "Puede editar usuario", "content_type": 8, "codename": "per_editar_usuario"}}, {"model": "auth.permission", "pk": 31, "fields": {"name": "Puede eliminar usuario", "content_type": 8, "codename": "per_eliminar_usuario"}}, {"model": "auth.permission", "pk": 32, "fields": {"name": "Puede listar usuarios", "content_type": 8, "codename": "per_listar_usuario"}}, {"model": "auth.permission", "pk": 33, "fields": {"name": "Can add registro usuario", "content_type": 9, "codename": "add_registrousuario"}}, {"model": "auth.permission", "pk": 34, "fields": {"name": "Can change registro usuario", "content_type": 9, "codename": "change_registrousuario"}}, {"model": "auth.permission", "pk": 35, "fields": {"name": "Can delete registro usuario", "content_type": 9, "codename": "delete_registrousuario"}}, {"model": "auth.permission", "pk": 36, "fields": {"name": "Puede ver la plantilla para el envio de notificaciones de registro de usuario", "content_type": 9, "codename": "per_configuracion_registro_usuario"}}, {"model": "auth.permission", "pk": 37, "fields": {"name": "Can add estados", "content_type": 10, "codename": "add_estados"}}, {"model": "auth.permission", "pk": 38, "fields": {"name": "Can change estados", "content_type": 10, "codename": "change_estados"}}, {"model": "auth.permission", "pk": 39, "fields": {"name": "Can delete estados", "content_type": 10, "codename": "delete_estados"}}, {"model": "auth.permission", "pk": 40, "fields": {"name": "Puede crear estado de recurso", "content_type": 10, "codename": "per_crear_estado"}}, {"model": "auth.permission", "pk": 41, "fields": {"name": "Puede eliminar estado de recurso", "content_type": 10, "codename": "per_eliminar_estado"}}, {"model": "auth.permission", "pk": 42, "fields": {"name": "Puede listar estados de los recursos", "content_type": 10, "codename": "per_listar_estados"}}, {"model": "auth.permission", "pk": 43, "fields": {"name": "Puede editar estado de recurso", "content_type": 10, "codename": "per_editar_estado"}}, {"model": "auth.permission", "pk": 44, "fields": {"name": "Can add caracteristicas recursos", "content_type": 11, "codename": "add_caracteristicasrecursos"}}, {"model": "auth.permission", "pk": 45, "fields": {"name": "Can change caracteristicas recursos", "content_type": 11, "codename": "change_caracteristicasrecursos"}}, {"model": "auth.permission", "pk": 46, "fields": {"name": "Can delete caracteristicas recursos", "content_type": 11, "codename": "delete_caracteristicasrecursos"}}, {"model": "auth.permission", "pk": 47, "fields": {"name": "Can add recurso", "content_type": 12, "codename": "add_recurso"}}, {"model": "auth.permission", "pk": 48, "fields": {"name": "Can change recurso", "content_type": 12, "codename": "change_recurso"}}, {"model": "auth.permission", "pk": 49, "fields": {"name": "Can delete recurso", "content_type": 12, "codename": "delete_recurso"}}, {"model": "auth.permission", "pk": 50, "fields": {"name": "Puede crear recurso", "content_type": 12, "codename": "per_crear_recurso"}}, {"model": "auth.permission", "pk": 51, "fields": {"name": "Puede eliminar recurso", "content_type": 12, "codename": "per_eliminar_recurso"}}, {"model": "auth.permission", "pk": 52, "fields": {"name": "Puede listar recursos", "content_type": 12, "codename": "per_listar_recursos"}}, {"model": "auth.permission", "pk": 53, "fields": {"name": "Puede editar recurso", "content_type": 12, "codename": "per_editar_recurso"}}, {"model": "auth.permission", "pk": 54, "fields": {"name": "Puede ver el historial de mantenimientos de recursos", "content_type": 12, "codename": "per_historial_mantenimiento_recursos"}}, {"model": "auth.permission", "pk": 55, "fields": {"name": "Can add tipo recurso", "content_type": 13, "codename": "add_tiporecurso"}}, {"model": "auth.permission", "pk": 56, "fields": {"name": "Can change tipo recurso", "content_type": 13, "codename": "change_tiporecurso"}}, {"model": "auth.permission", "pk": 57, "fields": {"name": "Can delete tipo recurso", "content_type": 13, "codename": "delete_tiporecurso"}}, {"model": "auth.permission", "pk": 58, "fields": {"name": "Puede crear tipo recurso", "content_type": 13, "codename": "per_crear_tiporecurso"}}, {"model": "auth.permission", "pk": 59, "fields": {"name": "Puede eliminar tipo recurso", "content_type": 13, "codename": "per_eliminar_tiporecurso"}}, {"model": "auth.permission", "pk": 60, "fields": {"name": "Puede listar los tipos recursos", "content_type": 13, "codename": "per_listar_tiporecurso"}}, {"model": "auth.permission", "pk": 61, "fields": {"name": "Puede editar tipo recurso", "content_type": 13, "codename": "per_editar_tiporecurso"}}, {"model": "auth.permission", "pk": 62, "fields": {"name": "Can add encargado", "content_type": 14, "codename": "add_encargado"}}, {"model": "auth.permission", "pk": 63, "fields": {"name": "Can change encargado", "content_type": 14, "codename": "change_encargado"}}, {"model": "auth.permission", "pk": 64, "fields": {"name": "Can delete encargado", "content_type": 14, "codename": "delete_encargado"}}, {"model": "auth.permission", "pk": 65, "fields": {"name": "Can add reclamo", "content_type": 15, "codename": "add_reclamo"}}, {"model": "auth.permission", "pk": 66, "fields": {"name": "Can change reclamo", "content_type": 15, "codename": "change_reclamo"}}, {"model": "auth.permission", "pk": 67, "fields": {"name": "Can delete reclamo", "content_type": 15, "codename": "delete_reclamo"}}, {"model": "auth.permission", "pk": 68, "fields": {"name": "Puede crear reclamo", "content_type": 15, "codename": "per_crear_reclamo"}}, {"model": "auth.permission", "pk": 69, "fields": {"name": "Puede modificar estado reclamo", "content_type": 15, "codename": "per_modificar_reclamo"}}, {"model": "auth.permission", "pk": 70, "fields": {"name": "Puede ver ", "content_type": 15, "codename": "per_ver_reclamo"}}, {"model": "auth.permission", "pk": 71, "fields": {"name": "Puede ver todos los reclamos", "content_type": 15, "codename": "per_ver_reclamo_admin"}}, {"model": "auth.permission", "pk": 72, "fields": {"name": "Can add mantenimiento", "content_type": 16, "codename": "add_mantenimiento"}}, {"model": "auth.permission", "pk": 73, "fields": {"name": "Can change mantenimiento", "content_type": 16, "codename": "change_mantenimiento"}}, {"model": "auth.permission", "pk": 74, "fields": {"name": "Can delete mantenimiento", "content_type": 16, "codename": "delete_mantenimiento"}}, {"model": "auth.permission", "pk": 75, "fields": {"name": "Puede crear el mantenimiento de un recurso", "content_type": 16, "codename": "per_crear_mantenimiento_recurso"}}, {"model": "auth.permission", "pk": 76, "fields": {"name": "Puede modificar el mantenimiento de un recurso", "content_type": 16, "codename": "per_modificar_mantenimiento_recurso"}}, {"model": "auth.permission", "pk": 77, "fields": {"name": "Puede listar todos los mantenimientos del tipo de recurso del que esta encargado", "content_type": 16, "codename": "per_lista_mantenimientos"}}, {"model": "auth.permission", "pk": 78, "fields": {"name": "Can add reservas", "content_type": 17, "codename": "add_reservas"}}, {"model": "auth.permission", "pk": 79, "fields": {"name": "Can change reservas", "content_type": 17, "codename": "change_reservas"}}, {"model": "auth.permission", "pk": 80, "fields": {"name": "Can delete reservas", "content_type": 17, "codename": "delete_reservas"}}, {"model": "auth.permission", "pk": 81, "fields": {"name": "Puede reservar", "content_type": 17, "codename": "per_realizar_reserva"}}, {"model": "auth.permission", "pk": 82, "fields": {"name": "Puede cancelar la reserva", "content_type": 17, "codename": "per_cancelar_reserva"}}, {"model": "auth.permission", "pk": 83, "fields": {"name": "Puede ver sus reservas", "content_type": 17, "codename": "per_listar_sus_reservas"}}, {"model": "auth.permission", "pk": 84, "fields": {"name": "Puede listar las reservas", "content_type": 17, "codename": "per_listar_reservas"}}, {"model": "auth.permission", "pk": 85, "fields": {"name": "Can add solicitud reservas", "content_type": 18, "codename": "add_solicitudreservas"}}, {"model": "auth.permission", "pk": 86, "fields": {"name": "Can change solicitud reservas", "content_type": 18, "codename": "change_solicitudreservas"}}, {"model": "auth.permission", "pk": 87, "fields": {"name": "Can delete solicitud reservas", "content_type": 18, "codename": "delete_solicitudreservas"}}, {"model": "auth.permission", "pk": 88, "fields": {"name": "Puede solicitar reservar", "content_type": 18, "codename": "per_solicitar_reserva"}}, {"model": "auth.permission", "pk": 89, "fields": {"name": "Puede cancelar la solicitud de reserva reserva", "content_type": 18, "codename": "per_cancelar_solicitud_reserva"}}, {"model": "auth.permission", "pk": 90, "fields": {"name": "Puede ver sus solicitudes de reservas", "content_type": 18, "codename": "per_listar_sus_solicitudes_reservas"}}, {"model": "auth.permission", "pk": 91, "fields": {"name": "Puede listar las solicitudes de reservas", "content_type": 18, "codename": "per_listar_solicitudes_reservas"}}, {"model": "auth.group", "pk": 1, "fields": {"name": "ADMIN_USUARIOS", "permissions": [4, 5, 6, 7, 8, 9, 10, 11, 12, 33, 34, 35, 36, 13, 14, 15, 16, 17, 18, 19, 20, 21, 22, 23, 24, 25, 26, 27, 28, 29, 30, 31, 32]}}, {"model": "auth.group", "pk": 2, "fields": {"name": "ADMIN_RECURSOS", "permissions": [72, 73, 74, 75, 77, 76, 65, 66, 67, 68, 69, 71, 84, 91, 16, 17, 18, 44, 45, 46, 62, 63, 64, 37, 38, 39, 40, 43, 41, 42, 47, 48, 49, 50, 53, 51, 54, 52, 55, 56, 57, 58, 61, 59, 60]}}, {"model": "auth.group", "pk": 3, "fields": {"name": "DOCENTE", "permissions": [65, 68, 70, 78, 79, 80, 82, 83, 81, 85, 86, 89, 90, 88, 16, 17, 18]}}, {"model": "auth.group", "pk": 4, "fields": {"name": "ALUMNO", "permissions": [65, 66, 67, 68, 70, 71, 78, 79, 80, 82, 83, 81, 85, 86, 87, 89, 90, 88, 16, 17, 18]}}, {"model": "auth.user", "pk": 1, "fields": {"password": "pbkdf2_sha256$30000$eafZkrT3XxM1$7hDF5DQ1SulJIP9tRGqyzGT5TDpIORWIPLIcLkH4IDo=", "last_login": "2017-06-28T22:47:16.613Z", "is_superuser": true, "username": "admin", "first_name": "", "last_name": "", "email": "matt31sanabria@gmail.com", "is_staff": true, "is_active": true, "date_joined": "2017-06-24T02:52:46.818Z", "groups": [], "user_permissions": []}}, {"model": "auth.user", "pk": 2, "fields": {"password": "pbkdf2_sha256$30000$bxpM64YjB5X8$V6eoC3GW/6W/MGwO5kv8NxsqmXrbt5DvoAYAYDNoPl4=", "last_login": "2017-06-30T01:29:39.740Z", "is_superuser": false, "username": "admin_usuarios", "first_name": "Admin", "last_name": "Usuarios", "email": "matt31sanabria@gmail.com", "is_staff": true, "is_active": true, "date_joined": "2017-06-29T01:13:56.852Z", "groups": [1], "user_permissions": []}}, {"model": "auth.user", "pk": 3, "fields": {"password": "pbkdf2_sha256$30000$kN15CscJfpWe$V4Jo5BiwESbvQyGGCQs/VqBPgfpgW2RWSu+P934HcEs=", "last_login": "2017-06-30T01:29:21.228Z", "is_superuser": false, "username": "admin_recursos", "first_name": "Admin", "last_name": "Recursos", "email": "matt31sanabria@gmail.com", "is_staff": true, "is_active": true, "date_joined": "2017-06-29T01:15:29.686Z", "groups": [2], "user_permissions": []}}, {"model": "auth.user", "pk": 4, "fields": {"password": "pbkdf2_sha256$30000$9AfLjU0pN6A0$1vcUAUHNqCI5aZpEsExR3C+hpev218/u4mrSat/qRPo=", "last_login": null, "is_superuser": false, "username": "docente1", "first_name": "Docente", "last_name": "Docente", "email": "matt31sanabria@gmail.com", "is_staff": true, "is_active": true, "date_joined": "2017-06-29T01:16:18.213Z", "groups": [3], "user_permissions": []}}, {"model": "auth.user", "pk": 5, "fields": {"password": "pbkdf2_sha256$30000$B4F84hC0mXkC$74rdxUQoFrSsutfeUhNwGxqcKzQ3nNdeppHL1ork0vY=", "last_login": "2017-06-30T01:31:34.820Z", "is_superuser": false, "username": "alumno1", "first_name": "Alumno", "last_name": "Alumno", "email": "matt31sanabria@gmail.com", "is_staff": true, "is_active": true, "date_joined": "2017-06-29T01:17:04.917Z", "groups": [4], "user_permissions": []}}, {"model": "usuarios.usuario", "pk": 2, "fields": {"usuario": 2, "nro_documento": "1111111", "direccion": "a", "telefono": "00000000", "prioridad": 8}}, {"model": "usuarios.usuario", "pk": 3, "fields": {"usuario": 3, "nro_documento": "1111112", "direccion": "w", "telefono": "00000000", "prioridad": 1}}, {"model": "usuarios.usuario", "pk": 4, "fields": {"usuario": 4, "nro_documento": "1234567", "direccion": "q", "telefono": "00000000", "prioridad": 2}}, {"model": "usuarios.usuario", "pk": 5, "fields": {"usuario": 5, "nro_documento": "11234567", "direccion": "q", "telefono": "00000000", "prioridad": 4}}, {"model": "tipos_recursos.encargado", "pk": 1, "fields": {"tipo_recurso": "NOT", "usuario": 3}}, {"model": "tipos_recursos.encargado", "pk": 2, "fields": {"tipo_recurso": "AULA", "usuario": 3}}, {"model": "tipos_recursos.encargado", "pk": 3, "fields": {"tipo_recurso": "LAB", "usuario": 3}}, {"model": "tipos_recursos.encargado", "pk": 4, "fields": {"tipo_recurso": "EST", "usuario": 3}}, {"model": "tipos_recursos.encargado", "pk": 5, "fields": {"tipo_recurso": "PROY", "usuario": 3}}]